Shelby,Gaskins,Inland Power & Light Co,2637 N Salisbury Blvd,Salisbury,Wicomico,MD,21801,410-548-3824,410-548-4136,shelby@gaskins.com,http://www.shelbygaskins.com,1986-10-01
Cortney,Steinert,Barbera & Barbera,Hwy 53,Eveleth,Saint Louis,MN,55734,218-744-2516,218-744-6328,cortney@steinert.com,http://www.cortneysteinert.com,1987-12-14
Korey,Decenzo,Reggie N Whitten Esq,1283 Us Highway 22,Mountainside,Union,NJ,7092,908-233-6933,908-233-3686,korey@decenzo.com,http://www.koreydecenzo.com,1988-07-09
Guillermina,Schickel,S M Corporation,1141 Pacific St,San Luis Obispo,San Luis Obispo,CA,93401,805-547-9605,805-547-8847,guillermina@schickel.com,http://www.guillerminaschickel.com,1988-10-19
Martina,Serpa,Mayoni Enterprises,5041 W Northern Ave,Glendale,Maricopa,AZ,85301,623-933-1682,623-933-7761,martina@serpa.com,http://www.martinaserpa.com,1990-05-24
Reta,Sleger,Mid Continent Imports Mci,125 Strafford Ave,Wayne,Delaware,PA,19087,610-971-6857,610-971-7362,reta@sleger.com,http://www.retasleger.com,1991-05-05
Shari,Natera,Kerns Sunbeam Bakery,130 N Main St,Goshen,Elkhart,IN,46526,574-534-9916,574-534-8345,shari@natera.com,http://www.sharinatera.com,1991-09-26
Lilly,Borchelt,Boudros On The Riverwalk,24 N Lime St,Lancaster,Lancaster,PA,17602,717-392-5278,717-392-6061,lilly@borchelt.com,http://www.lillyborchelt.com,1992-09-19
Ashley,Rockwell, Phyllis A Ulrich Esq,1299 Battlecreek Rd #-220,Jonesboro,Clayton,GA,30236,770-473-0921,770-473-0231,ashley@rockwell.com,http://www.ashleyrockwell.com,1993-01-19
Sanford,Dohrman,Advanced Precision Engineering,2929 N Central Ave,Phoenix,Maricopa,AZ,85012,602-279-4537,602-279-0435,sanford@dohrman.com,http://www.sanforddohrman.com,1993-07-28
Kaitlin,Zilliox,Partin & Partin,Rt 5,White River Junction,Windsor,VT,5001,802-649-8908,802-649-5512,kaitlin@zilliox.com,http://www.kaitlinzilliox.com,1994-05-07
Candace,Wischmann,Shiloh Baptist Church,313 E Queen Isabella Blvd,Port Isabel,Cameron,TX,78578,956-943-0861,956-943-8183,candace@wischmann.com,http://www.candacewischmann.com,1996-09-07
Angel,Vandegriff,Scheidl Manufacturing Co Inc,641 Jericho Tpke,Syosset,Nassau,NY,11791,516-364-7923,516-364-9071,angel@vandegriff.com,http://www.angelvandegriff.com,1997-11-20
Serena,Lutman,Lord Baltimore Hotel,2988 Sunset Blvd,West Columbia,Lexington,SC,29169,803-739-4560,803-739-9529,serena@lutman.com,http://www.serenalutman.com,1999-01-02
Trinidad,Cheney,Logan Riley Carson & Kaup,1244 W 132nd St,Gardena,Los Angeles,CA,90247,310-323-4622,310-323-0638,trinidad@cheney.com,http://www.trinidadcheney.com,1999-03-01
Clemente,Huyna,Joes Copies Etc,450 Belgrade Ave,West Roxbury,Suffolk,MA,2132,617-323-7697,617-323-0381,clemente@huyna.com,http://www.clementehuyna.com,1999-05-23
Kasey,Jacek,Bugatti Leather Goods Inc,144 S Main St,Clintonville,Waupaca,WI,54929,715-823-2105,715-823-5815,kasey@jacek.com,http://www.kaseyjacek.com,1999-12-30
Hope,Wunderlin,Aerobics Inc Treadmill Mfg,24 College Rd,Fairbanks,Fairbanks North Star,AK,99701,907-452-9844,907-452-3901,hope@wunderlin.com,http://www.hopewunderlin.com,2000-01-18
Ervin,Brdar, Sheila Lamb Esq,150 Mercer St,New York,New York,NY,10012,212-226-9548,212-226-4894,ervin@brdar.com,http://www.ervinbrdar.com,2001-07-20
Carey,Trapasso, Kristan A Newhouse Esq,2225 W Mountain View Rd #-10,Phoenix,Maricopa,AZ,85021,602-371-5666,602-371-8137,carey@trapasso.com,http://www.careytrapasso.com,2001-10-09
Juana,Mandley,Odetics Inc,411 Harvey,Dexter,Laurens,GA,31019,478-875-2630,478-875-3419,juana@mandley.com,http://www.juanamandley.com,2003-11-18
Dave,Blackledge,Best Whittier Inn,Village,Hawley,Wayne,PA,18428,570-775-3242,570-775-6875,dave@blackledge.com,http://www.daveblackledge.com,2004-10-20
Rolland,Polimeni,Joka Industries Inc,952 Big Tree Rd,Daytona Beach,Volusia,FL,32119,386-756-9560,386-756-8613,rolland@polimeni.com,http://www.rollandpolimeni.com,2004-11-22
Gilbert,Cadenas,Mary A Marx Cpm,55 Washington Ave,Nutley,Essex,NJ,7110,973-235-8701,973-235-7845,gilbert@cadenas.com,http://www.gilbertcadenas.com,2005-02-23
Major,Galiano,Lil Orbits Inc,90 State St #-1500,Albany,Albany,NY,12207,518-462-2657,518-462-1506,major@galiano.com,http://www.majorgaliano.com,2005-11-29
Irving,Fenimore,Data Plus,575 5th Ave,New York,New York,NY,10017,212-984-4204,212-984-4152,irving@fenimore.com,http://www.irvingfenimore.com,1987-05-05
Tiffani,Shelnutt,Aquas Bottled Water,168 8th Ave,Paterson,Passaic,NJ,7514,973-742-9078,973-742-0122,tiffani@shelnutt.com,http://www.tiffanishelnutt.com,1987-10-12
Malissa,Alderman,Carter House Hotel Carter,3650 Industrial Blvd,West Sacramento,Yolo,CA,95691,916-371-7438,916-371-6421,malissa@alderman.com,http://www.malissaalderman.com,1988-06-04
Elena,Shibuya,Bindley Western,4 Elizabeth St,Bethel,Fairfield,CT,6801,203-748-3340,203-748-8085,elena@shibuya.com,http://www.elenashibuya.com,1989-03-01
Sallie,Kephart,H Alan Young Esq,500 N Gulph Rd #-307,King of Prussia,Montgomery,PA,19406,610-768-4217,610-768-1344,sallie@kephart.com,http://www.salliekephart.com,1989-06-19
Joyce,Breister,James R Behrenbrinker Esq,1 Auer Ct #-g,East Brunswick,Middlesex,NJ,8816,732-390-2129,732-390-2633,joyce@breister.com,http://www.joycebreister.com,1990-07-01
Rhett,Salzano,Best Western Storybook Motor Inn,13480 Maxella Ave,Marina del Rey,Los Angeles,CA,90292,310-822-2970,310-822-4556,rhett@salzano.com,http://www.rhettsalzano.com,1991-07-16
Taylor,Schoenleber,Donna J Geary Esq,76661 Us Highway 111,Indian Wells,Riverside,CA,92210,760-345-2847,760-345-5156,taylor@schoenleber.com,http://www.taylorschoenleber.com,1991-08-30
Lyman,Workowski,Tri Onics Inc,2015 E Dale St,Springfield,Greene,MO,65803,417-862-8081,417-862-8363,lyman@workowski.com,http://www.lymanworkowski.com,1991-10-12
Lottie,Meggs,Martin Agency,1110 W 45th St,Kansas City,Jackson,MO,64111,816-756-6001,816-756-0593,lottie@meggs.com,http://www.lottiemeggs.com,1992-04-05
Dwight,Theberge,James T Sorensen,11 W Monument Ave,Dayton,Montgomery,OH,45402,937-228-3046,937-228-9213,dwight@theberge.com,http://www.dwighttheberge.com,1992-07-04
Mona,Hoagland,On Deck Newspapers,3200 Gilchrist Rd,Mogadore,Portage,OH,44260,330-794-9437,330-794-7909,mona@hoagland.com,http://www.monahoagland.com,1992-07-12
Janette,Chrostowski,First Commercial Bank,110 Miller Ave,Ann Arbor,Washtenaw,MI,48104,734-930-8299,734-930-3277,janette@chrostowski.com,http://www.janettechrostowski.com,1993-03-03
Frederic,Deblanc,Iris Rodriguez Esq,17070 Se Foster Rd,Portland,Multnomah,OR,97236,503-661-9132,503-661-2192,frederic@deblanc.com,http://www.fredericdeblanc.com,1993-09-15
Cliff,Nocket,Don B Dodson Esq,250 Canal St,Lawrence,Essex,MA,1840,978-685-1288,978-685-8329,cliff@nocket.com,http://www.cliffnocket.com,1995-10-21
Stewart,Hoellwarth,All Cast Pattern Works,91 S Broad St,Hillsdale,Hillsdale,MI,49242,517-439-2380,517-439-9768,stewart@hoellwarth.com,http://www.stewarthoellwarth.com,1997-05-15
Harris,Rutske,Shanahans Statnry & Ofc Equip,4000 Oleander Dr,Wilmington,New Hanover,NC,28403,910-392-4517,910-392-4905,harris@rutske.com,http://www.harrisrutske.com,1998-01-12
Pierre,Jantzen,Hilbrich Cunningham Schwerd,91 S Broad St,Hillsdale,Hillsdale,MI,49242,517-439-2451,517-439-2071,pierre@jantzen.com,http://www.pierrejantzen.com,1998-05-18
Tyree,Donnel,John W Breeze Esq,4000 Oleander Dr,Wilmington,New Hanover,NC,28403,910-392-6629,910-392-5007,tyree@donnel.com,http://www.tyreedonnel.com,2001-12-13
Silas,Trenary,Prestige Printing,665 South Ave,Piscataway,Middlesex,NJ,8854,732-752-4746,732-752-0228,silas@trenary.com,http://www.silastrenary.com,2001-12-24
Bernard,Sartell,Carrier Air Conditioning,1901 N Union Blvd,Colorado Springs,El Paso,CO,80909,719-636-8919,719-636-4183,bernard@sartell.com,http://www.bernardsartell.com,2002-05-01
Otis,Levinsky,Kings Onion House,2390 E Camelback Rd #-300,Phoenix,Maricopa,AZ,85016,602-404-2410,602-404-0861,otis@levinsky.com,http://www.otislevinsky.com,2002-06-12
Rhoda,Dezenzo,C Robert Buckley Esq,44 W Flagler St,Miami,Miami-Dade,FL,33130,305-358-4422,305-358-6738,rhoda@dezenzo.com,http://www.rhodadezenzo.com,2002-09-04
Margot,Langstaff,Joshua A Bloom Esq,105 W Burke St,Martinsburg,Berkeley,WV,25401,304-267-3974,304-267-9349,margot@langstaff.com,http://www.margotlangstaff.com,2004-01-29
Victoria,Moultry,Occusafe Inc,26 Court St,Rutland,Rutland,VT,5701,802-775-7808,802-775-1054,victoria@moultry.com,http://www.victoriamoultry.com,2004-07-01
Rayford,Conaughty,Fagerroos Engineering Inc,3636 Se 20th Ave,Portland,Multnomah,OR,97202,503-232-3776,503-232-1126,rayford@conaughty.com,http://www.rayfordconaughty.com,1985-06-05
Neal,Bakkala,Robert T Slatoff Esq,2550 M St Nw #-8,Washington,District of Columbia,DC,20037,202-457-0227,202-457-5167,neal@bakkala.com,http://www.nealbakkala.com,1985-07-10
Candida,Kim,Stella J Dettinger Esq,26 Court,Rutland,Rutland,VT,5701,802-775-8125,802-775-7534,candida@dettinger.com,http://www.candidadettinger.com,1988-04-14
Markus,Kolosky,Stuart M Goldstein Esq,26 Court,Rutland,Rutland,VT,5701,802-775-9246,802-775-4159,markus@kolosky.com,http://www.markuskolosky.com,1988-04-26
Janet,Risien,Worrall Community Newspapers,Insurance Exchange,Des Moines,Polk,IA,50309,515-283-9425,515-283-8124,janet@risien.com,http://www.janetrisien.com,1989-07-22
Vincenzo,Tubeszewski,Connersville Paint Inc,2700 Grand Ave,Des Moines,Polk,IA,50312,515-244-1273,515-244-9889,vincenzo@tubeszewski.com,http://www.vincenzotubeszewski.com,1990-03-09
Cortez,Siskin,Lawrence D Abramson MD,206 N 7th St,Brainerd,Crow Wing,MN,56401,218-828-7134,218-828-1552,cortez@siskin.com,http://www.cortezsiskin.com,1990-05-02
Gale,Ramsdell,Scottish Inn,2 Union St #-4100,Seattle,King,WA,98101,206-621-3112,206-621-1253,gale@ramsdell.com,http://www.galeramsdell.com,1991-03-31
Zoe,Okerlund,Michael R Becker Esq,10575 Katy Fwy #-425,Houston,Harris,TX,77024,713-464-3218,713-464-3663,zoe@okerlund.com,http://www.zoeokerlund.com,1991-10-25
Dave,Folan,Kippers Choc Spclty Co Inc,10 W 2nd St #-200,Dayton,Montgomery,OH,45402,937-461-4886,937-461-9205,dave@folan.com,http://www.davefolan.com,1992-06-27
Alfredo,Bellville,Emr Corporation,550 W C St,San Diego,San Diego,CA,92101,619-231-7331,619-231-8709,alfredo@bellville.com,http://www.alfredobellville.com,1992-11-25
Blanche,Shackle,Hallocks,1800 14th Ave Se,Watertown,Codington,SD,57201,605-886-1011,605-886-2099,blanche@shackle.com,http://www.blancheshackle.com,1993-03-18
Carolyn,Strout,Carl Storey Company,Hwy 12,Benson,Swift,MN,56215,320-843-9517,320-843-5228,carolyn@strout.com,http://www.carolynstrout.com,1994-03-12
Carmella,Suh,Mcnamee Hosea Jernigan & Scott,600 W Southern Ave,Muskegon,Muskegon,MI,49441,231-728-5254,231-728-0894,carmella@suh.com,http://www.carmellasuh.com,1994-04-10
Clifford,Stoiber,Douglas M Fyfe Esq,20 Madison St,Dayton,Montgomery,OH,45402,937-223-1842,937-223-2493,clifford@stoiber.com,http://www.cliffordstoiber.com,1994-10-15
Johnathan,Klaameyer,Metropolitan Merchandising Co,500 Marquette Ave Nw #-1100,Albuquerque,Bernalillo,NM,87102,505-243-1003,505-243-4382,johnathan@klaameyer.com,http://www.johnathanklaameyer.com,1994-11-14
Paige,Eirich,David J Nommensen Esq,136 Hospital Dr,Watertown,Dodge,WI,53098,920-261-1382,920-261-9522,paige@eirich.com,http://www.paigeeirich.com,1998-09-23
Eve,Mckeague,Texas Professional Printing,8401 Connecticut Ave #-1100,Chevy Chase,Montgomery,MD,20815,301-652-4042,301-652-8613,eve@mckeague.com,http://www.evemckeague.com,1999-04-16
Geraldine,Cabanillas,Aideen M Fitzgerald Esq,50 N Virginia St,Crystal Lake,McHenry,IL,60014,815-459-7285,815-459-2951,geraldine@cabanillas.com,http://www.geraldinecabanillas.com,2000-04-21
Lavonne,Bergesen,Micrologic Inc,33 N La Salle St #-2800,Chicago,Cook,IL,60602,312-332-9041,312-332-7435,lavonne@bergesen.com,http://www.lavonnebergesen.com,2000-07-01
Raul,Lambey,Stalkfleet Inc.,1909 Woodall Rodgers Fwy,Dallas,Dallas,TX,75201,214-871-8039,214-871-6364,raul@lambey.com,http://www.raullambey.com,2002-07-30
Richard,Nery,Economy Inns Of America,302 Masonic Temple,Marshalltown,Marshall,IA,50158,641-752-6824,641-752-3262,richard@nery.com,http://www.richardnery.com,2004-02-11
Bo,Jetton,Holland Mfg Co,621 E Kimberly Rd,Davenport,Scott,IA,52807,563-391-6028,563-391-0429,bo@jetton.com,http://www.bojetton.com,2004-04-02
Zoila,Rickie,Design Masters,222 Se Dorion Ave,Pendleton,Umatilla,OR,97801,541-276-5027,541-276-1958,zoila@rickie.com,http://www.zoilarickie.com,2004-11-08
Robyn,Medeiros,Cfo Associates Inc,111 N Orange Ave #-1800,Orlando,Orange,FL,32801,407-423-7381,407-423-1993,robyn@medeiros.com,http://www.robynmedeiros.com,2005-05-30
Wallace,Tahir,Smt Dynamics Corp,2816 Monroe Ave,Rochester,Monroe,NY,14618,585-271-9991,585-271-4582,wallace@tahir.com,http://www.wallacetahir.com,1986-01-21
Refugio,Bomba,Robert B Pender Jr MD,1 E Camelback Rd,Phoenix,Maricopa,AZ,85012,602-272-3987,602-272-6549,refugio@bomba.com,http://www.refugiobomba.com,1987-11-10
Latonya,Vescio,R J Bickert Assocs,421 Sunrise Hwy,Bellmore,Nassau,NY,11710,516-785-9400,516-785-4954,latonya@vescio.com,http://www.latonyavescio.com,1988-08-14
Opal,Cates,Patrick J Neaton Esq,815 Youngstown Warren Rd,Niles,Trumbull,OH,44446,330-652-4843,330-652-5338,opal@cates.com,http://www.opalcates.com,1988-12-02
Damion,Boot,Crystal Springs Inn,10915 Fawcett Ave,South El Monte,Los Angeles,CA,91733,626-444-5467,626-444-3564,damion@boot.com,http://www.damionboot.com,1989-06-09
Merlin,Hoyland,Frank C Shaw Esq,105 Us Highway 46w W,Lodi,Bergen,NJ,7644,973-777-4604,973-777-5034,merlin@hoyland.com,http://www.merlinhoyland.com,1989-06-26
Kimberlee,Beliard,Competitive Advantage,416 Harrison Ave,Lorenzo,Crosby,TX,79343,806-634-5951,806-634-4122,kimberlee@beliard.com,http://www.kimberleebeliard.com,1990-05-07
Burton,Mofield,Wyco Y 108 FM Radio,600 S 42nd St,Omaha,Douglas,NE,68105,402-559-6222,402-559-1043,burton@mofield.com,http://www.burtonmofield.com,1991-02-16
Rhett,Schulder,Wilkinson Corp.,600 Summer St,Stamford,Fairfield,CT,6901,203-967-8680,203-967-4176,rhett@schulder.com,http://www.rhettschulder.com,1991-09-10
Blaine,Gigantino,Laughlin Corp,303 E 17th Ave,Denver,Denver,CO,80203,303-861-1559,303-861-5655,blaine@gigantino.com,http://www.blainegigantino.com,1993-05-05
Archie,Rooney,Philip Wolfe Haberdasher,220 E Springfield Ave,Philadelphia,Philadelphia,PA,19118,215-242-8647,215-242-5707,archie@rooney.com,http://www.archierooney.com,1993-11-08
Buster,Reyome,Weberg Furniture,208 New St,Little Falls,Passaic,NJ,7424,973-345-4684,973-345-5927,buster@reyome.com,http://www.busterreyome.com,1994-02-13
Amos,Cominsky,Robert Sage Recruiting,2811 6th Ave,Tacoma,Pierce,WA,98406,253-272-8421,253-272-2278,amos@cominsky.com,http://www.amoscominsky.com,1994-06-22
Florencio,Zabrocki,Cartoon Art Musuem,4278 Fay Rd,Syracuse,Onondaga,NY,13219,315-487-3158,315-487-0153,florencio@zabrocki.com,http://www.florenciozabrocki.com,1994-11-03
Lucien,Slimko,, John McDonald Esq,436 Great Mills Rd,Lexington Park,Saint Marys,MD,20653,301-863-5480,301-863-6912,lucien@slimko.com,http://www.lucienslimko.com,1995-04-28
Adrienne,Kenner,Irvin A Meyers Esq,827 Court St,Jacksonville,Onslow,NC,28540,910-455-9060,910-455-7639,adrienne@kenner.com,http://www.adriennekenner.com,1995-07-12
Gail,Bidlack,Timothy William Esq,204 Main Av W,Twin Valley,Norman,MN,56584,218-584-2183,218-584-2399,gail@bidlack.com,http://www.gailbidlack.com,2000-10-08
Len,Manderscheid,Precision Rings Inc,Northeastern Indstrl Pk,Guilderland Center,Albany,NY,12085,518-861-2372,518-861-6273,len@manderscheid.com,http://www.lenmanderscheid.com,2003-06-23
Virgilio,Schneeman,Amizade,2100 Garden Rd #-c309,Monterey,Monterey,CA,93940,831-373-5908,831-373-4437,virgilio@schneeman.com,http://www.virgilioschneeman.com,2003-09-18
Alden,Cloney,Big Hill Auto Body Inc,3620 W Maple Rd,Bloomfield Hills,Oakland,MI,48301,248-443-5095,248-443-0809,alden@cloney.com,http://www.aldencloney.com,2003-11-07
Susie,Coblentz,Kevin G Drendel Esq,1900 N Loop W,Houston,Harris,TX,77018,713-964-6075,713-964-3037,susie@coblentz.com,http://www.susiecoblentz.com,2004-09-12
Kaye,Liebe,Laser Perfect At Gnomon Copy,200 Public Sq,Cleveland,Cuyahoga,OH,44114,216-241-2538,216-241-9997,kaye@liebe.com,http://www.kayeliebe.com,2004-12-10
Camilla,Draudt,J Mart Publishing Co,22435 Santa Clara St,Hayward,Alameda,CA,94541,510-785-4844,510-785-9958,camilla@draudt.com,http://www.camilladraudt.com,2005-01-04
Amber,Konakowitz,Lont & Overkamp Publishing Co,12 Main St,Franklin,Norfolk,MA,2038,508-520-3088,508-520-5285,amber@konakowitz.com,http://www.amberkonakowitz.com,2005-04-02
Johnathon,Bendle,Twin State Engrg & Cheml Co,105 W Commerce St,Loretto,Lawrence,TN,38469,931-853-6358,931-853-9758,johnathon@bendle.com,http://www.johnathonbendle.com,2005-06-11
Freida,Palmeter,Carter Law Ofc,211 Old Santa Fe Trl,Santa Fe,Santa Fe,NM,87501,505-984-4062,505-984-2491,freida@palmeter.com,http://www.freidapalmeter.com,1985-12-28
Ramona,Duperry,Certified Equipment Service,136 S Main St,Loretto,Lawrence,TN,38469,931-853-6416,931-853-4222,ramona@duperry.com,http://www.ramonaduperry.com,1986-02-10
Damon,Tagaloe,Eonic Incorporated,2121 N California Blvd #-550,Walnut Creek,Contra Costa,CA,94596,925-934-1120,925-934-4467,damon@tagaloe.com,http://www.damontagaloe.com,1987-07-19
Kory,Porris,Timothy F Rogers Esq,1011 N University Ave,Ann Arbor,Washtenaw,MI,48109,734-665-0885,734-665-2389,kory@porris.com,http://www.koryporris.com,1987-08-31
Colette,Maloney,Holiday Inn Express,205 N Michigan Ave,Chicago,Cook,IL,60601,312-540-2198,312-540-8677,colette@maloney.com,http://www.colettemaloney.com,1988-01-29
Max,Kebalka,James A Wade Esq,834 Chestnut St,Philadelphia,Philadelphia,PA,19107,215-627-4341,215-627-7412,max@kebalka.com,http://www.maxkebalka.com,1989-11-26
Deirdre,Confair,Black Dog Farms Of California,900 Carpenter Ave,Iron Mountain,Dickinson,MI,49801,906-774-1152,906-774-1687,deirdre@confair.com,http://www.deirdreconfair.com,1991-05-21
Chandra,Tomasso,Fts Freight Traffic Services,330 W Hedding St,San Jose,Santa Clara,CA,95110,408-298-1949,408-298-4069,chandra@tomasso.com,http://www.chandratomasso.com,1991-10-31
Eugenio,Collura,Eva Powers Esq,487 Calle San Pablo,Camarillo,Ventura,CA,93012,805-482-2522,805-482-3173,eugenio@collura.com,http://www.eugeniocollura.com,1992-10-22
Chet,Friskney,Fisher Engrg & Constrctn Corp,5830 Meridian Rd,Gibsonia,Allegheny,PA,15044,724-443-4995,724-443-4671,chet@friskney.com,http://www.chetfriskney.com,1993-06-20
Zoe,Mciver,Gmp Institute,1876 Central Park Ave,Yonkers,Westchester,NY,10710,914-779-3346,914-779-6787,zoe@mciver.com,http://www.zoemciver.com,1994-06-22
Chester,Brotherton,Gnc Community Federal Crdt Un,178 Bowery,New York,New York,NY,10012,212-925-0578,212-925-4507,chester@brotherton.com,http://www.chesterbrotherton.com,1995-06-01
Scotty,Fabroquez,Turtle Creek Manor Inc,910 Washington St,Columbia,Richland,SC,29201,803-799-4160,803-799-1472,scotty@fabroquez.com,http://www.scottyfabroquez.com,1995-10-31
Monica,Leyda,Mercoid Controls,407 West Ave S,Crossville,Cumberland,TN,38555,931-484-7355,931-484-8834,monica@leyda.com,http://www.monicaleyda.com,1997-11-30
Christian,Lugones,Association & Society Mgmt,2525 E Market St,Greensboro,Guilford,NC,27401,336-373-7055,336-373-1579,christian@lugones.com,http://www.christianlugones.com,1998-03-12
Jerry,Capone,Western Building Supply,1960 Roberts St,Muskegon,Muskegon,MI,49442,231-728-6728,231-728-4761,jerry@capone.com,http://www.jerrycapone.com,1998-10-19
Genaro,Frangione,Environmental Quality Dept,600 Essex Ct,Omaha,Douglas,NE,68114,402-399-2506,402-399-4085,genaro@frangione.com,http://www.genarofrangione.com,2000-09-19
Erica,Granstaff,Merlin Industries Inc,47 Us Route 1,Yarmouth,Cumberland,ME,4096,207-846-2294,207-846-0557,erica@granstaff.com,http://www.ericagranstaff.com,2001-04-29
Tanya,Corral,Mackle Splawn Tindall,8 S Lander St,Newburgh,Orange,NY,12550,845-562-2685,845-562-4448,tanya@corral.com,http://www.tanyacorral.com,2003-01-03
Doreen,Eddy,Hobart Sales & Service Center,1011 Us Highway 202s S,Somerville,Somerset,NJ,8876,908-526-7887,908-526-2434,doreen@eddy.com,http://www.doreeneddy.com,2003-07-14
Hilda,Gumbs,Pacific Wiring Service,1011 Us Highway 202s S,Somerville,Somerset,NJ,8876,908-526-4936,908-526-3403,hilda@gumbs.com,http://www.hildagumbs.com,2004-09-23
Rueben,Chewning,Machi Reach,1251 Americas Aven,New York,New York,NY,10020,212-596-4006,212-596-5562,rueben@chewning.com,http://www.ruebenchewning.com,2005-01-04
Dalia,Alterio,United Tool & Stamping Co Inc,2445 M St Nw,Washington,District of Columbia,DC,20037,202-663-9473,202-663-8599,dalia@alterio.com,http://www.daliaalterio.com,2005-01-25
Chauncey,Bickford,Type Rite Office Products,100 Middle St #-3,Portland,Cumberland,ME,4101,207-774-8210,207-774-0061,chauncey@bickford.com,http://www.chaunceybickford.com,2005-08-21
Trey,Younghans,Central Kentucky Glass,755 Magazine St,New Orleans,Orleans,LA,70130,504-566-7250,504-566-9188,trey@younghans.com,http://www.treyyounghans.com,2005-10-08
Clarissa,Stoffels,Valley Glass & Mirror Co,909 Poydras St,New Orleans,Orleans,LA,70112,504-584-7609,504-584-5675,clarissa@stoffels.com,http://www.clarissastoffels.com,1985-12-28
Wilton,Vasseur,Romero Law Firm,39848 Besco Dr,Fremont,Alameda,CA,94538,510-657-1775,510-657-0835,wilton@vasseur.com,http://www.wiltonvasseur.com,1986-09-15
Marissa,Jimenes,Ferris Baker Watts Inc,2727 S Shannon St,Santa Ana,Orange,CA,92704,714-979-6478,714-979-7141,marissa@jimenes.com,http://www.marissajimenes.com,1991-07-22
Rodrigo,Brzycki,Trimble & Associates,922 Penn Ave #-2,Reading,Berks,PA,19610,610-796-1490,610-796-9365,rodrigo@brzycki.com,http://www.rodrigobrzycki.com,1991-09-20
Emma,Landey,Long Beach Days Inn,20 Oser Ave,Hauppauge,Suffolk,NY,11788,631-231-8019,631-231-0173,emma@landey.com,http://www.emmalandey.com,1991-10-29
Solomon,Rundquist,Antelope Frgn Dismantlers Inc,801 Park Ave,Minneapolis,Hennepin,MN,55404,612-339-9685,612-339-2527,solomon@rundquist.com,http://www.solomonrundquist.com,1993-05-21
Ellsworth,Elswick,Scott Charlton Esq,2019 S Canal St,Carlsbad,Eddy,NM,88220,505-887-5642,505-887-8678,ellsworth@elswick.com,http://www.ellsworthelswick.com,1994-04-21
Albert,Villas,M2 & Co Inc,2225 Meyers Ave,Escondido,San Diego,CA,92029,760-745-8584,760-745-5633,albert@villas.com,http://www.albertvillas.com,1994-10-29
Autumn,Shoultz,Caesar & Napoli,1910 Cherokee Ave Sw,Cullman,Cullman,AL,35055,256-737-4439,256-737-1833,autumn@shoultz.com,http://www.autumnshoultz.com,1995-02-28
Long,Lazor,Galloway Johnson Tompkins,1825 E 28th St,Lorain,Lorain,OH,44055,440-277-8878,440-277-3445,long@lazor.com,http://www.longlazor.com,1996-04-29
Clemente,Aikey,Gymo,116 N 59th Ave,Phoenix,Maricopa,AZ,85043,623-269-8828,623-269-7823,clemente@aikey.com,http://www.clementeaikey.com,1996-05-08
Freddie,Lemcke,Eyes Unlimited,71 W 23rd St,New York,New York,NY,10010,212-633-3722,212-633-8026,freddie@lemcke.com,http://www.freddielemcke.com,1997-01-26
Audrey,Eyles,Kevin A Hansen Esq,1775 Fowler St,Richland,Benton,WA,99352,509-735-0629,509-735-7288,audrey@eyles.com,http://www.audreyeyles.com,1997-02-04
Luke,Imperatore,Town & Country Fence Co Of Or,237 Clayton St,Chester,Delaware,PA,19013,610-494-5014,610-494-7256,luke@imperatore.com,http://www.lukeimperatore.com,1998-05-13
Claudine,Schulke,Greg Clark Esq,5000 Creek Rd,Cincinnati,Hamilton,OH,45242,513-891-8823,513-891-7517,claudine@schulke.com,http://www.claudineschulke.com,1998-08-11
Susanna,Tiner,Economic Development Dept,2508 N Velasco St,Angleton,Brazoria,TX,77515,979-849-7073,979-849-9933,susanna@tiner.com,http://www.susannatiner.com,1998-08-14
Lance,Muccio,Heartwood Creations,2480 Nw 20th St,Miami,Miami-Dade,FL,33142,305-635-6948,305-635-4232,lance@muccio.com,http://www.lancemuccio.com,1999-08-18
Lazaro,Holsman,Dinastia Computer Superstore,593 Mineral Spring Ave,Pawtucket,Providence,RI,2860,401-722-5582,401-722-0463,lazaro@holsman.com,http://www.lazaroholsman.com,2000-09-12
Stanford,Falkner,Faros Italian Pizza,5200 Churn Creek Rd,Redding,Shasta,CA,96002,530-223-9121,530-223-4088,stanford@falkner.com,http://www.stanfordfalkner.com,2001-08-13
Felecia,Aldas,Temple Emanu El,14650 Southlawn Ln,Rockville,Montgomery,MD,20850,301-340-2383,301-340-5766,felecia@aldas.com,http://www.feleciaaldas.com,2002-02-11
Jc,Hidy,Centaur Press,101 S Main,Lorraine,Ellsworth,KS,67459,785-472-0902,785-472-0489,jc@hidy.com,http://www.jchidy.com,2002-09-30
Kurt,Dolinar,Richard L Fix Esq,302 Broadway,Bethpage,Nassau,NY,11714,516-681-4183,516-681-1278,kurt@dolinar.com,http://www.kurtdolinar.com,2002-12-09
Jewell,Lowry,M Cohen & Sons Inc,9226 N Us Highway 27,Ocala,Marion,FL,34482,352-622-5007,352-622-5033,jewell@lowry.com,http://www.jewelllowry.com,2003-12-16
Charlie,Mattos,Pro Tch Intrntl Trvl Inc,137 Farnsworth Ave,Bordentown,Burlington,NJ,8505,609-298-3130,609-298-6841,charlie@mattos.com,http://www.charliemattos.com,2004-10-30
Nell,Sivay,Settipane Allergy Associates,Wyckoff Ave,Mahwah,Bergen,NJ,7430,201-848-6516,201-848-1439,nell@sivay.com,http://www.nellsivay.com,2005-04-01
Tricia,Slayton,Richard W Candelora Esq,1001 N Le Jeune Rd,Miami,Miami-Dade,FL,33126,305-642-8723,305-642-4545,tricia@slayton.com,http://www.triciaslayton.com,1985-08-21
Greg,Broden,Great American Veal Co Inc,307 N Michigan Ave,Chicago,Cook,IL,60601,312-372-7281,312-372-1348,greg@broden.com,http://www.gregbroden.com,1985-09-18
Stacey,Mattos,Programmers Shop,710 B Pulaski Hwy,Joppa,Harford,MD,21085,410-679-3309,410-679-2346,stacey@mattos.com,http://www.staceymattos.com,1986-03-18
Keneth,Hildago,Troy A Price Esq,301 Penhorn Ave,Secaucus,Hudson,NJ,7094,201-617-2774,201-617-8196,keneth@hildago.com,http://www.kenethhildago.com,1986-08-18
Bryan,Sakakeeny,Mollick Georgina Esq,435 Grand Ave #-b,South San Francisco,San Mateo,CA,94080,650-952-4723,650-952-6671,bryan@sakakeeny.com,http://www.bryansakakeeny.com,1987-08-23
Shonda,Scalice,Maurus N Petruzzi,1090 Lousons Rd,Union,Union,NJ,7083,908-964-9846,908-964-2307,shonda@scalice.com,http://www.shondascalice.com,1987-09-18
Kyle,Souliere,Gregory H Gust Esq,7633 Hardin Dr,North Little Rock,Pulaski,AR,72117,501-835-9288,501-835-7466,kyle@souliere.com,http://www.kylesouliere.com,1988-05-28
Celeste,Moll,Emanuel J Iacono Esq,145 Keep Ct,Elyria,Lorain,OH,44035,440-327-3188,440-327-2838,celeste@moll.com,http://www.celestemoll.com,1988-12-01
Haley,Bignell,Jeffrey B Harding Esq,45 Industrial Rd,Berkeley Heights,Union,NJ,7922,908-464-4216,908-464-0417,haley@bignell.com,http://www.haleybignell.com,1989-03-19
Hollie,Eberspacher,John N Fleming Esq,115 Sw 8th St,Des Moines,Polk,IA,50309,515-243-6472,515-243-2217,hollie@eberspacher.com,http://www.hollieeberspacher.com,1992-02-14
Myles,Pischke,Milbank Tweed Hadley & Mccloy,655 White St,Springfield,Hampden,MA,1108,413-788-7454,413-788-7376,myles@pischke.com,http://www.mylespischke.com,1992-04-16
Brett,Zinger,James C Mallon Esq,2856 Nw Market St,Seattle,King,WA,98107,206-789-5057,206-789-8375,brett@zinger.com,http://www.brettzinger.com,1996-05-07
Jena,Ratulowski,Thomas D Hall Esq,3397 Edison Hwy,Bakersfield,Kern,CA,93307,661-366-8308,661-366-7678,jena@ratulowski.com,http://www.jenaratulowski.com,1996-10-17
Britt,Osumi,Cascade Timber Co,13936 Gold Cir,Omaha,Douglas,NE,68144,402-331-8795,402-331-1988,britt@osumi.com,http://www.brittosumi.com,1998-02-06
Alvin,Sitkiewicz,Riggers Inc,440 Commercial St,Boston,Suffolk,MA,2109,617-723-3797,617-723-2379,alvin@sitkiewicz.com,http://www.alvinsitkiewicz.com,1998-07-18
Kisha,Kreusch,Ace Sign Co,1586 Hyde Park Ave,Hyde Park,Suffolk,MA,2136,617-699-2399,617-699-3662,kisha@kreusch.com,http://www.kishakreusch.com,1998-09-15
Michal,Oxenrider,H G Christman Constr Co Inc,1100 Nw Loop #-410,San Antonio,Bexar,TX,78213,210-308-9937,210-308-0906,michal@oxenrider.com,http://www.michaloxenrider.com,1999-04-27
Modesto,Stice,Conley Dew Ltd Realtors,745 Fortr,Honolulu,Honolulu,HI,96813,808-544-7977,808-544-1576,modesto@stice.com,http://www.modestostice.com,2000-02-15
Lance,Doolittle,Greater Miami Chamber Commrce,8810 Frost Ave,Saint Louis,Saint Louis,MO,63134,314-524-4479,314-524-0196,lance@doolittle.com,http://www.lancedoolittle.com,2000-06-30
Mohammed,Pritcher,Palco Federal Credit Union,20531 Plummer St,Chatsworth,Los Angeles,CA,91311,818-998-6890,818-998-7792,mohammed@pritcher.com,http://www.mohammedpritcher.com,2002-07-03
Ernestina,Kinoshita,Harvey S Cohen,1 W 64th St #-3g,New York,New York,NY,10023,212-580-2641,212-580-7419,ernestina@kinoshita.com,http://www.ernestinakinoshita.com,2003-06-29
Elvin,Dwornik,National Fitness Systems Amer,901 Trinity Dr,Los Alamos,Los Alamos,NM,87544,505-662-1698,505-662-6055,elvin@dwornik.com,http://www.elvindwornik.com,2004-01-13
Melba,Reno,Lightning Auctions,Corner,Los Alamos,Los Alamos,NM,87544,505-661-2551,505-661-8353,melba@reno.com,http://www.melbareno.com,2004-11-14
Daron,Filipponi,Days Inn Historic District,2201 Trinity Dr,Los Alamos,Los Alamos,NM,87544,505-662-4994,505-662-5029,daron@filipponi.com,http://www.daronfilipponi.com,2005-06-05
Vince,Barnwell,Janice B Rockwell Esq,256 Dp Rd,Los Alamos,Los Alamos,NM,87544,505-662-5601,505-662-5752,vince@barnwell.com,http://www.vincebarnwell.com,2005-08-05
Russ,Lizak,Robert J Horvat Jr,1907 Central Ave,Los Alamos,Los Alamos,NM,87544,505-662-3203,505-662-2362,russ@lizak.com,http://www.russlizak.com,1985-02-28
Lupe,Graen,Forrest A Plant Esq,1650 Trinity Dr,Los Alamos,Los Alamos,NM,87544,505-662-3089,505-662-4695,lupe@graen.com,http://www.lupegraen.com,1986-08-01
Carl,Delcamp,Lindsey Mfg Company,4966 El Camino Real,Los Altos,Santa Clara,CA,94022,650-962-7648,650-962-6109,carl@delcamp.com,http://www.carldelcamp.com,1987-12-24
Elisa,Loudermill,Roanoke Electric Mbrshp Corp,101 1st St,Los Altos,Santa Clara,CA,94022,650-948-7694,650-948-6982,elisa@loudermill.com,http://www.elisaloudermill.com,1988-05-07
Zack,Kauder,Carl & Daves Catering Service,138 Main St,Los Altos,Santa Clara,CA,94022,650-948-8995,650-948-8636,zack@kauder.com,http://www.zackkauder.com,1988-07-17
Chong,Kamel,Mobil Cheml Co Petro Chemls,251 Armour Dr Ne,Atlanta,Fulton,GA,30324,404-876-2093,404-876-8814,chong@kamel.com,http://www.chongkamel.com,1989-02-06
Felix,Henrickson,Schneider Mills Inc,543 59th St,West New York,Hudson,NJ,7093,201-861-4558,201-861-5342,felix@henrickson.com,http://www.felixhenrickson.com,1989-04-20
Amy,Hardrict,Irena Leigh Norton Esq,5855 W Century Blvd,Los Angeles,Los Angeles,CA,90045,310-337-0571,310-337-7784,amy@hardrict.com,http://www.amyhardrict.com,1990-02-12
Porter,Cocca,John P Richie Esq,5711 W Century Blvd,Los Angeles,Los Angeles,CA,90045,310-410-5524,310-410-7784,porter@cocca.com,http://www.portercocca.com,1991-02-05
Etta,Shillingford,Magnolia Distributing Co,431 W 7th St,Los Angeles,Los Angeles,CA,90014,213-689-6570,213-689-6897,etta@shillingford.com,http://www.ettashillingford.com,1991-09-18
Rupert,Cutrell,Multi Care Management,350 S Bixel St #-260,Los Angeles,Los Angeles,CA,90017,213-629-0442,213-629-7732,rupert@cutrell.com,http://www.rupertcutrell.com,1991-12-10
Victoria,Shadding,Holiday Inn Bucks County,6417 Bandini Blvd,Los Angeles,Los Angeles,CA,90040,323-726-1792,323-726-0354,victoria@shadding.com,http://www.victoriashadding.com,1993-10-22
Joel,Klopfer,Ryder Truck Rental One Way Inc,9844 Carnegie Ave,El Paso,El Paso,TX,79925,915-595-8804,915-595-7775,joel@klopfer.com,http://www.joelklopfer.com,1996-12-21
Wayne,Kumar,Humidaire Company Inc,2528 E 57th St,Huntington Park,Los Angeles,CA,90255,323-587-3675,323-587-3281,wayne@kumar.com,http://www.waynekumar.com,1997-04-23
Tara,Desanty,Wilderness Experience Inc,5700 Wilshire Blvd #-170,Los Angeles,Los Angeles,CA,90036,323-549-3326,323-549-2068,tara@desanty.com,http://www.taradesanty.com,1997-12-25
Megan,Diego,Concord Village Office,4545 Ardine St,South Gate,Los Angeles,CA,90280,323-773-8601,323-773-2909,megan@diego.com,http://www.megandiego.com,1999-05-16
Zachery,Kalamaras,David J White MD,5200 Zoo Dr,Los Angeles,Los Angeles,CA,90027,323-247-6205,323-247-2986,zachery@kalamaras.com,http://www.zacherykalamaras.com,2000-12-17
Ivory,Cazorla,Misha Tyshkov MD,2140 Westwood Blvd #-22,Los Angeles,Los Angeles,CA,90025,310-470-1105,310-470-7945,ivory@cazorla.com,http://www.ivorycazorla.com,2001-01-08
